{"stats":{"minecraft:mined":{"minecraft:crafting_table":3,"minecraft:granite":5,"minecraft:grass_block":1,"minecraft:tall_grass":6,"minecraft:copper_ore":3,"minecraft:sugar_cane":2,"minecraft:diorite":1,"minecraft:furnace":3,"minecraft:iron_ore":14,"minecraft:andesite":14,"minecraft:grass":6,"minecraft:oak_log":27,"minecraft:pointed_dripstone":2,"minecraft:coal_ore":24,"minecraft:gravel":2,"minecraft:dripstone_block":1,"minecraft:dirt":3,"minecraft:stone":144,"minecraft:oak_leaves":12},"minecraft:killed_by":{"minecraft:zombie":1},"minecraft:custom":{"minecraft:interact_with_furnace":53,"minecraft:mob_kills":45,"minecraft:interact_with_crafting_table":9,"minecraft:leave_game":2,"minecraft:time_since_death":0,"minecraft:climb_one_cm":351,"minecraft:time_since_rest":1585,"minecraft:sprint_one_cm":73602,"minecraft:damage_taken":600,"minecraft:walk_one_cm":52548,"minecraft:drop":8,"minecraft:damage_dealt":4153,"minecraft:fly_one_cm":106915,"minecraft:crouch_one_cm":7149,"minecraft:play_time":32987,"minecraft:deaths":1,"minecraft:sneak_time":3564,"minecraft:jump":648,"minecraft:total_world_time":32987,"minecraft:fall_one_cm":15794},"minecraft:broken":{"minecraft:stone_pickaxe":1},"minecraft:used":{"minecraft:cooked_mutton":4,"minecraft:stone_sword":73,"minecraft:stone_pickaxe":199,"minecraft:wooden_pickaxe":12,"minecraft:dirt":3,"minecraft:crafting_table":4,"minecraft:white_bed":1,"minecraft:stone_axe":55,"minecraft:oak_sapling":4,"minecraft:furnace":4,"minecraft:egg":1,"minecraft:cooked_beef":3},"minecraft:dropped":{"minecraft:wheat_seeds":1,"minecraft:feather":3,"minecraft:rotten_flesh":1,"minecraft:diorite":2,"minecraft:stone_pickaxe":1,"minecraft:string":2},"minecraft:picked_up":{"minecraft:crafting_table":3,"minecraft:feather":3,"minecraft:chicken":4,"minecraft:andesite":14,"minecraft:leather":12,"minecraft:pink_wool":1,"minecraft:oak_log":35,"minecraft:string":3,"minecraft:dirt":4,"minecraft:raw_copper":11,"minecraft:bone":1,"minecraft:wheat_seeds":1,"minecraft:beef":22,"minecraft:light_gray_wool":1,"minecraft:sugar_cane":5,"minecraft:egg":1,"minecraft:furnace":3,"minecraft:raw_iron":14,"minecraft:dripstone_block":1,"minecraft:gravel":2,"minecraft:porkchop":19,"minecraft:pointed_dripstone":2,"minecraft:diorite":2,"minecraft:rotten_flesh":1,"minecraft:granite":5,"minecraft:gray_wool":2,"minecraft:oak_sapling":4,"minecraft:mutton":56,"minecraft:coal":24,"minecraft:white_wool":16,"minecraft:cobblestone":144},"minecraft:crafted":{"minecraft:cooked_beef":41,"minecraft:oak_planks":32,"minecraft:crafting_table":1,"minecraft:wooden_pickaxe":1,"minecraft:furnace":1,"minecraft:copper_ingot":11,"minecraft:bucket":1,"minecraft:stone_axe":1,"minecraft:cooked_mutton":50,"minecraft:air":0,"minecraft:shield":1,"minecraft:stick":24,"minecraft:iron_ingot":8,"minecraft:iron_pickaxe":1,"minecraft:stone_pickaxe":6,"minecraft:stone_sword":1,"minecraft:white_bed":1},"minecraft:killed":{"minecraft:pig":8,"minecraft:spider":1,"minecraft:sheep":20,"minecraft:skeleton":1,"minecraft:zombie":1,"minecraft:chicken":4,"minecraft:cow":10}},"DataVersion":3120}