{"stats":{"minecraft:mined":{"minecraft:tuff":3,"minecraft:white_bed":2,"minecraft:deepslate_diamond_ore":1,"minecraft:oak_door":4,"minecraft:cobblestone_stairs":1,"minecraft:granite":4,"minecraft:grass_block":9,"minecraft:hay_block":8,"minecraft:furnace":12,"minecraft:iron_ore":47,"minecraft:andesite":1,"minecraft:pumpkin":10,"minecraft:fletching_table":4,"minecraft:deepslate_lapis_ore":8,"minecraft:gold_block":2,"minecraft:pointed_dripstone":8,"minecraft:deepslate_iron_ore":19,"minecraft:stripped_oak_log":34,"minecraft:stone":92,"minecraft:deepslate_redstone_ore":3,"minecraft:dandelion":1,"minecraft:oak_fence":4,"minecraft:crafting_table":7,"minecraft:chest":7,"minecraft:tall_grass":14,"minecraft:cobblestone":33,"minecraft:lapis_ore":10,"minecraft:deepslate_gold_ore":13,"minecraft:oak_planks":1,"minecraft:diorite":9,"minecraft:seagrass":1,"minecraft:grass":55,"minecraft:oak_log":211,"minecraft:coal_ore":248,"minecraft:oak_fence_gate":1,"minecraft:gravel":40,"minecraft:dripstone_block":7,"minecraft:dirt":32,"minecraft:netherrack":33,"minecraft:gold_ore":10,"minecraft:oak_leaves":17,"minecraft:deepslate":22},"minecraft:killed_by":{"minecraft:skeleton":2},"minecraft:broken":{"minecraft:stone_pickaxe":1,"minecraft:iron_sword":1,"minecraft:iron_pickaxe":2},"minecraft:custom":{"minecraft:mob_kills":169,"minecraft:interact_with_crafting_table":53,"minecraft:leave_game":2,"minecraft:time_since_death":107341,"minecraft:sprint_one_cm":444115,"minecraft:walk_one_cm":225634,"minecraft:damage_blocked_by_shield":1370,"minecraft:drop":78,"minecraft:talked_to_villager":50,"minecraft:play_time":164779,"minecraft:deaths":3,"minecraft:sneak_time":23443,"minecraft:walk_under_water_one_cm":28859,"minecraft:boat_one_cm":304731,"minecraft:jump":4455,"minecraft:walk_on_water_one_cm":26443,"minecraft:total_world_time":164779,"minecraft:interact_with_furnace":238,"minecraft:traded_with_villager":54,"minecraft:sleep_in_bed":4,"minecraft:time_since_rest":2311,"minecraft:damage_taken":1796,"minecraft:damage_dealt":20791,"minecraft:swim_one_cm":79129,"minecraft:fly_one_cm":905671,"minecraft:open_chest":45,"minecraft:crouch_one_cm":69790,"minecraft:fall_one_cm":136621},"minecraft:used":{"minecraft:stone_sword":13,"minecraft:chest":6,"minecraft:shield":38,"minecraft:iron_sword":396,"minecraft:cooked_chicken":4,"minecraft:netherrack":4,"minecraft:oak_door":6,"minecraft:dirt":46,"minecraft:carrot":6,"minecraft:iron_axe":227,"minecraft:bow":1,"minecraft:furnace":15,"minecraft:egg":3,"minecraft:cooked_beef":6,"minecraft:cobbled_deepslate":16,"minecraft:cooked_mutton":11,"minecraft:water_bucket":40,"minecraft:diorite":7,"minecraft:cobblestone_stairs":1,"minecraft:stone_pickaxe":102,"minecraft:wooden_pickaxe":40,"minecraft:fletching_table":4,"minecraft:crafting_table":7,"minecraft:white_bed":4,"minecraft:dripstone_block":7,"minecraft:apple":1,"minecraft:iron_pickaxe":451,"minecraft:gravel":37,"minecraft:stone_axe":90,"minecraft:cobblestone":89,"minecraft:cooked_porkchop":5,"minecraft:bucket":41,"minecraft:oak_boat":12},"minecraft:dropped":{"minecraft:iron_ingot":38,"minecraft:birch_planks":1,"minecraft:wheat_seeds":7,"minecraft:cooked_beef":7,"minecraft:oak_log":2,"minecraft:tnt":2,"minecraft:glass_bottle":2,"minecraft:dripstone_block":1,"minecraft:oak_fence":4,"minecraft:feather":10,"minecraft:fletching_table":1,"minecraft:coal":27,"minecraft:flint":2,"minecraft:stick":3,"minecraft:dirt":3,"minecraft:gray_wool":1,"minecraft:brown_wool":4,"minecraft:iron_pickaxe":2,"minecraft:string":6,"minecraft:white_wool":19,"minecraft:gold_ingot":61,"minecraft:oak_door":12,"minecraft:stone_axe":1,"minecraft:compass":1,"minecraft:cobbled_deepslate":1,"minecraft:tuff":2,"minecraft:wheat":8,"minecraft:pointed_dripstone":10,"minecraft:oak_planks":24,"minecraft:oak_fence_gate":2,"minecraft:gunpowder":1,"minecraft:charcoal":2,"minecraft:oak_sapling":2,"minecraft:spider_eye":3,"minecraft:bow":1},"minecraft:picked_up":{"minecraft:charcoal":5,"minecraft:crafting_table":9,"minecraft:chicken":4,"minecraft:wooden_pickaxe":6,"minecraft:gold_block":2,"minecraft:shield":1,"minecraft:string":10,"minecraft:smooth_stone":1,"minecraft:cobbled_deepslate":17,"minecraft:bucket":1,"minecraft:beef":74,"minecraft:oak_boat":14,"minecraft:poppy":1,"minecraft:iron_pickaxe":5,"minecraft:chest":8,"minecraft:furnace":14,"minecraft:egg":6,"minecraft:stick":16,"minecraft:raw_iron":100,"minecraft:oak_door":50,"minecraft:oak_fence":8,"minecraft:torch":4,"minecraft:porkchop":83,"minecraft:pointed_dripstone":22,"minecraft:diorite":9,"minecraft:redstone":16,"minecraft:cauldron":1,"minecraft:stone_sword":1,"minecraft:arrow":22,"minecraft:rotten_flesh":23,"minecraft:hay_block":8,"minecraft:gold_ingot":77,"minecraft:mutton":66,"minecraft:white_wool":16,"minecraft:cobblestone":213,"minecraft:stripped_oak_log":34,"minecraft:feather":15,"minecraft:cooked_beef":9,"minecraft:water_bucket":1,"minecraft:andesite":1,"minecraft:brown_wool":3,"minecraft:leather":52,"minecraft:flint":6,"minecraft:tuff":2,"minecraft:oak_log":236,"minecraft:gunpowder":3,"minecraft:cobblestone_stairs":1,"minecraft:lapis_lazuli":236,"minecraft:dirt":90,"minecraft:glass":1,"minecraft:bone":26,"minecraft:apple":1,"minecraft:bow":3,"minecraft:wheat_seeds":10,"minecraft:raw_gold":26,"minecraft:oak_fence_gate":2,"minecraft:stone_pickaxe":2,"minecraft:iron_ingot":57,"minecraft:cooked_chicken":4,"minecraft:fletching_table":3,"minecraft:glass_bottle":2,"minecraft:iron_sword":1,"minecraft:oak_planks":39,"minecraft:oak_slab":5,"minecraft:cooked_porkchop":13,"minecraft:pumpkin":10,"minecraft:dandelion":1,"minecraft:gravel":37,"minecraft:dripstone_block":11,"minecraft:white_bed":3,"minecraft:spider_eye":4,"minecraft:diamond":1,"minecraft:stone_axe":3,"minecraft:granite":4,"minecraft:emerald":2,"minecraft:oak_sapling":4,"minecraft:netherrack":33,"minecraft:coal":443,"minecraft:ender_pearl":3},"minecraft:crafted":{"minecraft:oak_door":24,"minecraft:oak_planks":984,"minecraft:cooked_chicken":4,"minecraft:furnace":3,"minecraft:cooked_mutton":69,"minecraft:glass":2,"minecraft:bow":2,"minecraft:iron_boots":1,"minecraft:iron_axe":1,"minecraft:stone_pickaxe":1,"minecraft:cooked_beef":53,"minecraft:oak_slab":6,"minecraft:emerald":53,"minecraft:cooked_porkchop":84,"minecraft:crafting_table":1,"minecraft:wooden_pickaxe":3,"minecraft:iron_helmet":1,"minecraft:iron_sword":2,"minecraft:fletching_table":2,"minecraft:bucket":1,"minecraft:stone_axe":1,"minecraft:air":0,"minecraft:oak_boat":1,"minecraft:iron_chestplate":1,"minecraft:charcoal":5,"minecraft:shield":2,"minecraft:stick":1746,"minecraft:iron_ingot":86,"minecraft:iron_pickaxe":3,"minecraft:iron_leggings":1,"minecraft:gold_ingot":42,"minecraft:white_bed":1,"minecraft:composter":1},"minecraft:killed":{"minecraft:spider":4,"minecraft:skeleton":9,"minecraft:bee":1,"minecraft:chicken":5,"minecraft:pig":44,"minecraft:creeper":1,"minecraft:sheep":47,"minecraft:zombie":18,"minecraft:cow":35,"minecraft:enderman":5}},"DataVersion":3120}