{"stats":{"minecraft:used":{"minecraft:shield":15,"minecraft:iron_sword":130,"minecraft:oak_door":1,"minecraft:torch":4,"minecraft:dirt":6,"minecraft:furnace":7,"minecraft:cooked_beef":18,"minecraft:cobbled_deepslate":12,"minecraft:pointed_dripstone":1,"minecraft:cooked_mutton":1,"minecraft:water_bucket":43,"minecraft:stone_pickaxe":46,"minecraft:wooden_pickaxe":31,"minecraft:crafting_table":4,"minecraft:red_bed":4,"minecraft:iron_pickaxe":201,"minecraft:gravel":8,"minecraft:stone_axe":71,"minecraft:cobblestone":101,"minecraft:cooked_porkchop":2,"minecraft:bucket":44,"minecraft:andesite":1,"minecraft:oak_boat":2},"minecraft:picked_up":{"minecraft:crafting_table":4,"minecraft:wooden_pickaxe":4,"minecraft:pink_wool":2,"minecraft:gold_block":1,"minecraft:shield":2,"minecraft:string":1,"minecraft:red_bed":4,"minecraft:cobbled_deepslate":13,"minecraft:bucket":1,"minecraft:beef":58,"minecraft:oak_boat":4,"minecraft:iron_pickaxe":3,"minecraft:poppy":9,"minecraft:light_gray_wool":1,"minecraft:sugar_cane":25,"minecraft:furnace":8,"minecraft:raw_iron":64,"minecraft:stick":11,"minecraft:oak_door":7,"minecraft:porkchop":38,"minecraft:pointed_dripstone":6,"minecraft:diorite":2,"minecraft:stone_sword":1,"minecraft:arrow":19,"minecraft:rotten_flesh":7,"minecraft:gold_ingot":3,"minecraft:mutton":18,"minecraft:cobblestone":196,"minecraft:white_wool":6,"minecraft:cooked_beef":14,"minecraft:andesite":1,"minecraft:leather":36,"minecraft:brown_wool":1,"minecraft:flint":3,"minecraft:oak_log":24,"minecraft:gunpowder":1,"minecraft:lapis_lazuli":57,"minecraft:dirt":15,"minecraft:glass":1,"minecraft:bone":23,"minecraft:wheat_seeds":1,"minecraft:raw_gold":6,"minecraft:stone_pickaxe":2,"minecraft:iron_ingot":24,"minecraft:oak_planks":34,"minecraft:cooked_porkchop":2,"minecraft:dandelion":6,"minecraft:gravel":9,"minecraft:dripstone_block":4,"minecraft:grass_block":1,"minecraft:lily_of_the_valley":1,"minecraft:diamond":15,"minecraft:stone_axe":4,"minecraft:granite":4,"minecraft:gray_wool":1,"minecraft:emerald":4,"minecraft:oak_sapling":2,"minecraft:coal":85,"minecraft:ender_pearl":1},"minecraft:mined":{"minecraft:deepslate_diamond_ore":15,"minecraft:oak_door":1,"minecraft:grass_block":10,"minecraft:furnace":6,"minecraft:iron_ore":36,"minecraft:gold_block":1,"minecraft:pointed_dripstone":1,"minecraft:deepslate_iron_ore":19,"minecraft:stone":129,"minecraft:red_bed":4,"minecraft:lily_of_the_valley":1,"minecraft:dandelion":6,"minecraft:crafting_table":4,"minecraft:emerald_ore":2,"minecraft:poppy":9,"minecraft:tall_grass":4,"minecraft:cobblestone":3,"minecraft:deepslate_gold_ore":3,"minecraft:sugar_cane":11,"minecraft:diorite":2,"minecraft:grass":16,"minecraft:oak_log":16,"minecraft:coal_ore":39,"minecraft:sand":1,"minecraft:dirt":8,"minecraft:gravel":11,"minecraft:dripstone_block":2,"minecraft:gold_ore":3,"minecraft:oak_leaves":3,"minecraft:deepslate":16},"minecraft:crafted":{"minecraft:oak_planks":40,"minecraft:furnace":2,"minecraft:cooked_mutton":17,"minecraft:iron_boots":1,"minecraft:stone_pickaxe":2,"minecraft:cooked_beef":22,"minecraft:red_dye":3,"minecraft:cooked_porkchop":21,"minecraft:crafting_table":2,"minecraft:wooden_pickaxe":1,"minecraft:iron_helmet":1,"minecraft:iron_sword":1,"minecraft:red_bed":1,"minecraft:red_wool":3,"minecraft:bucket":1,"minecraft:stone_axe":2,"minecraft:air":0,"minecraft:iron_chestplate":1,"minecraft:shield":1,"minecraft:white_dye":1,"minecraft:stick":24,"minecraft:iron_ingot":31,"minecraft:iron_pickaxe":1,"minecraft:stone_sword":1,"minecraft:gold_ingot":9,"minecraft:iron_leggings":1,"minecraft:torch":8},"minecraft:custom":{"minecraft:mob_kills":85,"minecraft:interact_with_crafting_table":18,"minecraft:leave_game":1,"minecraft:time_since_death":85915,"minecraft:climb_one_cm":1158,"minecraft:sprint_one_cm":354680,"minecraft:walk_one_cm":120631,"minecraft:damage_blocked_by_shield":600,"minecraft:drop":40,"minecraft:play_time":103624,"minecraft:deaths":2,"minecraft:sneak_time":6036,"minecraft:walk_under_water_one_cm":14744,"minecraft:boat_one_cm":261432,"minecraft:jump":2528,"minecraft:walk_on_water_one_cm":27699,"minecraft:total_world_time":103624,"minecraft:interact_with_furnace":137,"minecraft:sleep_in_bed":3,"minecraft:time_since_rest":8305,"minecraft:damage_taken":1462,"minecraft:damage_dealt":11279,"minecraft:swim_one_cm":28791,"minecraft:fly_one_cm":459617,"minecraft:open_chest":25,"minecraft:crouch_one_cm":11409,"minecraft:fall_one_cm":64158},"minecraft:killed":{"minecraft:spider":2,"minecraft:skeleton":20,"minecraft:drowned":1,"minecraft:pig":19,"minecraft:sheep":6,"minecraft:zombie":8,"minecraft:cow":28,"minecraft:enderman":1},"minecraft:dropped":{"minecraft:iron_ingot":12,"minecraft:wheat_seeds":1,"minecraft:lapis_lazuli":57,"minecraft:cooked_beef":1,"minecraft:oak_log":6,"minecraft:ender_pearl":1,"minecraft:dripstone_block":3,"minecraft:cobblestone":4,"minecraft:leather":2,"minecraft:grass_block":1,"minecraft:flint":1,"minecraft:dirt":3,"minecraft:torch":4,"minecraft:iron_pickaxe":1,"minecraft:dandelion":6,"minecraft:gold_ingot":3,"minecraft:bone":3,"minecraft:gravel":1,"minecraft:stone_axe":1,"minecraft:cobbled_deepslate":1,"minecraft:pointed_dripstone":5,"minecraft:raw_iron":22,"minecraft:rotten_flesh":5,"minecraft:light_gray_wool":1,"minecraft:poppy":6,"minecraft:gunpowder":1,"minecraft:pink_wool":2,"minecraft:oak_sapling":2,"minecraft:oak_boat":1,"minecraft:white_dye":1,"minecraft:glass":1,"minecraft:wooden_pickaxe":3,"minecraft:raw_gold":3}},"DataVersion":3120}