{"stats":{"minecraft:mined":{"minecraft:white_bed":19,"minecraft:deepslate_diamond_ore":15,"minecraft:granite":6,"minecraft:grass_block":227,"minecraft:composter":7,"minecraft:spawner":1,"minecraft:smooth_stone":1,"minecraft:hay_block":33,"minecraft:furnace":1,"minecraft:iron_ore":7,"minecraft:cobbled_deepslate":1,"minecraft:andesite":3,"minecraft:fletching_table":1,"minecraft:pointed_dripstone":5,"minecraft:water_cauldron":4,"minecraft:dirt_path":14,"minecraft:deepslate_iron_ore":29,"minecraft:vine":1,"minecraft:stone":217,"minecraft:smithing_table":1,"minecraft:dandelion":1,"minecraft:crafting_table":3,"minecraft:tall_grass":1,"minecraft:cobblestone":16,"minecraft:sugar_cane":30,"minecraft:oak_planks":4,"minecraft:diorite":26,"minecraft:birch_log":4,"minecraft:wheat":1,"minecraft:birch_leaves":1,"minecraft:yellow_bed":5,"minecraft:grass":50,"minecraft:oak_log":28,"minecraft:coal_ore":41,"minecraft:gravel":41,"minecraft:sand":6,"minecraft:dirt":259,"minecraft:cobweb":4,"minecraft:oak_leaves":6,"minecraft:deepslate":48},"minecraft:broken":{"minecraft:iron_shovel":1,"minecraft:iron_pickaxe":1},"minecraft:custom":{"minecraft:interact_with_smithing_table":1,"minecraft:mob_kills":48,"minecraft:interact_with_crafting_table":33,"minecraft:leave_game":4,"minecraft:time_since_death":170928,"minecraft:climb_one_cm":1408,"minecraft:sprint_one_cm":396047,"minecraft:walk_one_cm":328819,"minecraft:damage_blocked_by_shield":460,"minecraft:drop":72,"minecraft:talked_to_villager":23,"minecraft:play_time":170928,"minecraft:sneak_time":11440,"minecraft:walk_under_water_one_cm":26842,"minecraft:boat_one_cm":463902,"minecraft:jump":3385,"minecraft:walk_on_water_one_cm":40502,"minecraft:total_world_time":170928,"minecraft:interact_with_furnace":79,"minecraft:sleep_in_bed":4,"minecraft:time_since_rest":38493,"minecraft:damage_taken":1632,"minecraft:damage_dealt":5826,"minecraft:swim_one_cm":53976,"minecraft:fly_one_cm":543538,"minecraft:open_chest":39,"minecraft:crouch_one_cm":28000,"minecraft:fall_one_cm":83835},"minecraft:used":{"minecraft:stone_sword":68,"minecraft:iron_shovel":458,"minecraft:stone_shovel":51,"minecraft:chest":2,"minecraft:shield":7,"minecraft:iron_sword":5,"minecraft:dirt":401,"minecraft:granite":6,"minecraft:honey_bottle":2,"minecraft:iron_axe":49,"minecraft:light_gray_wool":1,"minecraft:bow":8,"minecraft:furnace":3,"minecraft:oak_sapling":3,"minecraft:cooked_beef":13,"minecraft:cobbled_deepslate":47,"minecraft:cooked_mutton":9,"minecraft:water_bucket":38,"minecraft:birch_planks":4,"minecraft:glass_bottle":1,"minecraft:stone_pickaxe":93,"minecraft:oak_planks":17,"minecraft:wooden_pickaxe":13,"minecraft:composter":2,"minecraft:sugar_cane":61,"minecraft:fletching_table":5,"minecraft:crafting_table":9,"minecraft:white_bed":14,"minecraft:diamond_pickaxe":69,"minecraft:apple":1,"minecraft:oxeye_daisy":1,"minecraft:bread":6,"minecraft:iron_pickaxe":250,"minecraft:gravel":33,"minecraft:stone_axe":53,"minecraft:cobblestone":130,"minecraft:cooked_porkchop":4,"minecraft:bucket":39,"minecraft:andesite":3,"minecraft:yellow_bed":5,"minecraft:oak_boat":3,"minecraft:dandelion":1},"minecraft:dropped":{"minecraft:iron_ingot":8,"minecraft:oak_slab":5,"minecraft:birch_planks":1,"minecraft:wheat_seeds":13,"minecraft:cooked_beef":3,"minecraft:oak_log":9,"minecraft:glass_bottle":3,"minecraft:oak_fence":4,"minecraft:cobblestone":14,"minecraft:flint":2,"minecraft:stick":12,"minecraft:dirt":11,"minecraft:diorite":18,"minecraft:mutton":5,"minecraft:sand":1,"minecraft:string":4,"minecraft:white_wool":4,"minecraft:gold_ingot":13,"minecraft:bone":1,"minecraft:redstone":4,"minecraft:composter":6,"minecraft:pointed_dripstone":7,"minecraft:raw_iron":1,"minecraft:rotten_flesh":2,"minecraft:light_gray_wool":1,"minecraft:oak_planks":1,"minecraft:oak_fence_gate":1,"minecraft:shield":1,"minecraft:charcoal":2,"minecraft:oak_sapling":2,"minecraft:oak_boat":1,"minecraft:bow":1,"minecraft:arrow":4,"minecraft:wooden_pickaxe":1,"minecraft:stone_pickaxe":1,"minecraft:glass":1},"minecraft:picked_up":{"minecraft:crafting_table":4,"minecraft:smithing_table":1,"minecraft:shield":2,"minecraft:string":4,"minecraft:cobbled_deepslate":47,"minecraft:beef":25,"minecraft:oak_boat":2,"minecraft:light_gray_wool":2,"minecraft:sugar_cane":61,"minecraft:furnace":1,"minecraft:raw_iron":36,"minecraft:stick":2,"minecraft:oak_door":6,"minecraft:composter":7,"minecraft:oak_fence":4,"minecraft:porkchop":15,"minecraft:pointed_dripstone":7,"minecraft:diorite":26,"minecraft:redstone":4,"minecraft:rotten_flesh":2,"minecraft:arrow":11,"minecraft:hay_block":31,"minecraft:gold_ingot":13,"minecraft:mutton":17,"minecraft:white_wool":10,"minecraft:cobblestone":233,"minecraft:oxeye_daisy":1,"minecraft:birch_log":4,"minecraft:cooked_beef":4,"minecraft:andesite":3,"minecraft:leather":13,"minecraft:birch_planks":1,"minecraft:flint":6,"minecraft:oak_log":36,"minecraft:yellow_bed":5,"minecraft:dirt":412,"minecraft:bone":11,"minecraft:apple":1,"minecraft:bow":1,"minecraft:wheat_seeds":13,"minecraft:oak_fence_gate":1,"minecraft:iron_ingot":38,"minecraft:fletching_table":3,"minecraft:oak_planks":7,"minecraft:dandelion":1,"minecraft:gravel":33,"minecraft:sand":7,"minecraft:white_bed":19,"minecraft:diamond":15,"minecraft:granite":6,"minecraft:oak_sapling":5,"minecraft:coal":41},"minecraft:crafted":{"minecraft:oak_planks":108,"minecraft:stone_shovel":1,"minecraft:furnace":2,"minecraft:cooked_mutton":9,"minecraft:glass":4,"minecraft:iron_boots":1,"minecraft:iron_axe":1,"minecraft:stone_pickaxe":1,"minecraft:chest":2,"minecraft:wheat":279,"minecraft:cooked_beef":12,"minecraft:glass_bottle":3,"minecraft:oak_slab":12,"minecraft:cooked_porkchop":9,"minecraft:crafting_table":6,"minecraft:wooden_pickaxe":1,"minecraft:iron_helmet":1,"minecraft:iron_sword":1,"minecraft:fletching_table":2,"minecraft:bucket":1,"minecraft:birch_planks":16,"minecraft:stone_axe":1,"minecraft:bread":93,"minecraft:air":0,"minecraft:oak_boat":2,"minecraft:iron_chestplate":1,"minecraft:diamond_pickaxe":1,"minecraft:stick":52,"minecraft:iron_ingot":38,"minecraft:iron_pickaxe":1,"minecraft:stone_sword":1,"minecraft:iron_leggings":1,"minecraft:iron_shovel":2,"minecraft:gold_ingot":2,"minecraft:white_bed":1,"minecraft:composter":1},"minecraft:killed":{"minecraft:cave_spider":2,"minecraft:skeleton":9,"minecraft:bee":1,"minecraft:pig":6,"minecraft:sheep":12,"minecraft:zombie":6,"minecraft:cow":12}},"DataVersion":3120}